id,first_name,last_name,email,phone,gender,age,job_title,years_of_experience,salary,department,Full Name,designation,hire_date
1,Jose,Lopez,joselopez0944@slingacademy.com,Invalid,male,25,Project Manager,1,731935,Product,Jose Lopez,System Engineer,Unknown
2,Diane,Carter,dianecarter1228@slingacademy.com,Invalid,female,26,Machine Learning Engineer,2,602770,Product,Diane Carter,System Engineer,Unknown
3,Shawn,Foster,shawnfoster2695@slingacademy.com,Invalid,male,37,Project Manager,14,1463870,Product,Shawn Foster,Lead,Unknown
4,Brenda,Fisher,brendafisher3185@slingacademy.com,Invalid,female,31,Web Developer,8,861100,Product,Brenda Fisher,Senior Data Engineer,Unknown
5,Sean,Hunter,seanhunter4753@slingacademy.com,5838355842,male,35,Project Manager,11,1248595,Product,Sean Hunter,Lead,Unknown
6,Joshua,Jacobs,joshuajacobs5904@slingacademy.com,Invalid,male,28,Project Manager,3,904155,Product,Joshua Jacobs,Data Engineer,Unknown
7,Brianna,Marshall,briannamarshall6438@slingacademy.com,Invalid,female,33,Machine Learning Engineer,10,947210,Product,Brianna Marshall,Senior Data Engineer,Unknown
8,John,Tate,johntate7881@slingacademy.com,Invalid,male,33,Mobile Developer,10,947210,Product,John Tate,Senior Data Engineer,Unknown
9,Jillian,Byrd,jillianbyrd8170@slingacademy.com,Invalid,female,34,Web Developer,10,947210,Product,Jillian Byrd,Senior Data Engineer,Unknown
10,Melanie,Sharp,melaniesharp9256@slingacademy.com,Invalid,female,41,Web Developer,15,1248595,Product,Melanie Sharp,Lead,Unknown
11,Brandy,Mckee,brandymckee10500@slingacademy.com,Invalid,female,37,Web Developer,14,1205540,Product,Brandy Mckee,Lead,Unknown
12,Robert,Simpson,robertsimpson11778@slingacademy.com,Invalid,male,36,DevOps Engineer,12,1291650,Product,Robert Simpson,Lead,Unknown
13,George,Mckenzie,georgemckenzie12384@slingacademy.com,Invalid,male,28,Machine Learning Engineer,4,861100,Product,George Mckenzie,Data Engineer,Unknown
14,Joseph,Smith,josephsmith13724@slingacademy.com,Invalid,male,40,Machine Learning Engineer,14,1205540,Product,Joseph Smith,Lead,Unknown
15,Dana,Crawford,danacrawford14310@slingacademy.com,Invalid,female,32,Project Manager,8,1033320,Product,Dana Crawford,Senior Data Engineer,Unknown
16,Christopher,Benson,christopherbenson15937@slingacademy.com,Invalid,male,29,Web Developer,5,645825,Product,Christopher Benson,Data Engineer,Unknown
17,Nicole,Smith,nicolesmith16360@slingacademy.com,Invalid,female,26,Designer,4,861100,Product,Nicole Smith,Data Engineer,Unknown
18,Peter,Jimenez,peterjimenez17791@slingacademy.com,Invalid,male,28,Mobile Developer,3,559715,Product,Peter Jimenez,Data Engineer,Unknown
19,Sergio,Boyle,sergioboyle18425@slingacademy.com,3027626274,male,31,Tester,6,774990,Product,Sergio Boyle,Senior Data Engineer,Unknown
20,Brianna,Moss,briannamoss19517@slingacademy.com,Invalid,female,31,Designer,5,904155,Product,Brianna Moss,Data Engineer,Unknown
21,Taylor,Garner,taylorgarner20196@slingacademy.com,Invalid,female,32,Machine Learning Engineer,6,947210,Product,Taylor Garner,Senior Data Engineer,Unknown
22,Michael,Padilla,michaelpadilla21381@slingacademy.com,Invalid,male,29,Tester,5,818045,Product,Michael Padilla,Data Engineer,Unknown
23,Yvette,Walker,yvettewalker22744@slingacademy.com,Invalid,female,26,Designer,2,602770,Product,Yvette Walker,System Engineer,Unknown
24,Kristina,Pena,kristinapena23750@slingacademy.com,Invalid,female,34,DevOps Engineer,11,1076375,Product,Kristina Pena,Lead,Unknown
25,Vanessa,Reynolds,vanessareynolds24710@slingacademy.com,Invalid,female,36,Machine Learning Engineer,10,1119430,Product,Vanessa Reynolds,Senior Data Engineer,Unknown
26,Robert,Suarez,robertsuarez25924@slingacademy.com,Invalid,male,33,Tester,9,818045,Product,Robert Suarez,Senior Data Engineer,Unknown
27,Tammy,Ellis,tammyellis26570@slingacademy.com,Invalid,female,37,HR Manager,14,1205540,Human Resource,Tammy Ellis,Lead,Unknown
28,Rodney,Porter,rodneyporter27496@slingacademy.com,Invalid,male,28,DevOps Engineer,3,818045,Product,Rodney Porter,Data Engineer,Unknown
29,David,Reyes,davidreyes28592@slingacademy.com,Invalid,male,25,Designer,2,602770,Product,David Reyes,System Engineer,Unknown
30,Brian,Kirby,briankirby29574@slingacademy.com,Invalid,male,31,Machine Learning Engineer,8,861100,Product,Brian Kirby,Senior Data Engineer,Unknown
31,Tammy,Walker,tammywalker30386@slingacademy.com,Invalid,female,31,Web Developer,7,731935,Product,Tammy Walker,Senior Data Engineer,Unknown
32,Angela,Stewart,angelastewart31951@slingacademy.com,Invalid,female,34,HR Manager,10,861100,Human Resource,Angela Stewart,Senior Data Engineer,Unknown
33,Susan,Parker,susanparker32865@slingacademy.com,Invalid,female,25,DevOps Engineer,3,731935,Product,Susan Parker,Data Engineer,Unknown
34,Robert,Hogan,roberthogan33599@slingacademy.com,1138662041,male,24,Tester,2,602770,Product,Robert Hogan,System Engineer,Unknown
35,Dawn,Pham,dawnpham34908@slingacademy.com,Invalid,female,27,Designer,4,774990,Product,Dawn Pham,Data Engineer,Unknown
36,Karen,Duke,karenduke35869@slingacademy.com,Invalid,female,29,DevOps Engineer,6,947210,Product,Karen Duke,Senior Data Engineer,Unknown
37,Julian,Thompson,julianthompson36437@slingacademy.com,Invalid,male,28,Machine Learning Engineer,4,602770,Product,Julian Thompson,Data Engineer,Unknown
38,Daisy,Perry,daisyperry37789@slingacademy.com,Invalid,female,30,Tester,5,818045,Product,Daisy Perry,Data Engineer,Unknown
39,Sarah,Smith,sarahsmith38793@slingacademy.com,Invalid,female,24,Machine Learning Engineer,2,516660,Product,Sarah Smith,System Engineer,Unknown
40,Eric,Randolph,ericrandolph39291@slingacademy.com,Invalid,male,29,Designer,5,731935,Product,Eric Randolph,Data Engineer,Unknown
41,William,Keller,williamkeller40838@slingacademy.com,Invalid,male,30,Web Developer,4,688880,Product,William Keller,Data Engineer,Unknown
42,George,Salas,georgesalas41217@slingacademy.com,Invalid,male,35,Web Developer,11,904155,Product,George Salas,Lead,Unknown
43,Alyssa,Archer,alyssaarcher42600@slingacademy.com,Invalid,female,35,DevOps Engineer,13,1334705,Product,Alyssa Archer,Lead,Unknown
44,Daniel,Wagner,danielwagner43907@slingacademy.com,Invalid,male,35,HR Manager,11,1076375,Human Resource,Daniel Wagner,Lead,Unknown
45,David,Howard,davidhoward44518@slingacademy.com,Invalid,male,33,Machine Learning Engineer,9,990265,Product,David Howard,Senior Data Engineer,Unknown
46,Brett,Friedman,brettfriedman45236@slingacademy.com,Invalid,male,34,HR Manager,10,861100,Human Resource,Brett Friedman,Senior Data Engineer,Unknown
47,Shaun,Harris,shaunharris46875@slingacademy.com,Invalid,male,23,Designer,1,559715,Product,Shaun Harris,System Engineer,Unknown
48,Jason,Morris,jasonmorris47229@slingacademy.com,Invalid,male,28,DevOps Engineer,5,818045,Product,Jason Morris,Data Engineer,Unknown
49,Jesse,Mcdaniel,jessemcdaniel48348@slingacademy.com,Invalid,male,35,Mobile Developer,11,990265,Product,Jesse Mcdaniel,Lead,Unknown
50,Jessica,Torres,jessicatorres49971@slingacademy.com,Invalid,female,33,HR Manager,7,818045,Human Resource,Jessica Torres,Senior Data Engineer,Unknown
51,Bradley,Garcia,bradleygarcia50896@slingacademy.com,Invalid,male,29,Designer,3,559715,Product,Bradley Garcia,Data Engineer,Unknown
52,Christopher,Walker,christopherwalker51808@slingacademy.com,Invalid,male,25,Mobile Developer,1,473605,Product,Christopher Walker,System Engineer,Unknown
53,Jason,Boyd,jasonboyd52182@slingacademy.com,Invalid,male,39,Designer,14,1291650,Product,Jason Boyd,Lead,Unknown
54,Colleen,Cooper,colleencooper53362@slingacademy.com,Invalid,female,32,Machine Learning Engineer,7,904155,Product,Colleen Cooper,Senior Data Engineer,Unknown
55,Laurie,Robinson,laurierobinson54980@slingacademy.com,Invalid,female,38,Mobile Developer,15,1162485,Product,Laurie Robinson,Lead,Unknown
56,Tiffany,Novak,tiffanynovak55365@slingacademy.com,Invalid,female,35,Mobile Developer,12,1033320,Product,Tiffany Novak,Lead,Unknown
57,Sophia,Coleman,sophiacoleman56563@slingacademy.com,Invalid,female,40,Tester,15,1162485,Product,Sophia Coleman,Lead,Unknown
58,Jodi,Harris,jodiharris57145@slingacademy.com,Invalid,female,34,DevOps Engineer,9,1162485,Product,Jodi Harris,Senior Data Engineer,Unknown
59,Michael,Calhoun,michaelcalhoun58176@slingacademy.com,Invalid,male,23,Web Developer,1,645825,Product,Michael Calhoun,System Engineer,Unknown
60,Aaron,Tran,aarontran59178@slingacademy.com,Invalid,male,40,DevOps Engineer,15,1420815,Product,Aaron Tran,Lead,Unknown
61,Karen,Aguirre,karenaguirre60547@slingacademy.com,Invalid,female,36,Web Developer,13,1162485,Product,Karen Aguirre,Lead,Unknown
62,Danielle,Morrison,daniellemorrison61394@slingacademy.com,Invalid,female,31,HR Manager,7,818045,Human Resource,Danielle Morrison,Senior Data Engineer,Unknown
63,Amanda,Thomas,amandathomas62614@slingacademy.com,Invalid,female,28,Web Developer,6,774990,Product,Amanda Thomas,Senior Data Engineer,Unknown
64,Sarah,Spencer,sarahspencer63772@slingacademy.com,Invalid,female,36,Tester,14,1205540,Product,Sarah Spencer,Lead,Unknown
65,Jessica,Ho,jessicaho64531@slingacademy.com,Invalid,female,34,DevOps Engineer,10,1033320,Product,Jessica Ho,Senior Data Engineer,Unknown
66,Kristy,Rhodes,kristyrhodes65269@slingacademy.com,Invalid,female,40,Web Developer,15,1162485,Product,Kristy Rhodes,Lead,Unknown
67,Joseph,Hobbs,josephhobbs66797@slingacademy.com,Invalid,male,26,Mobile Developer,1,645825,Product,Joseph Hobbs,System Engineer,Unknown
68,Allison,Matthews,allisonmatthews67756@slingacademy.com,Invalid,female,35,Web Developer,12,1033320,Product,Allison Matthews,Lead,Unknown
69,James,Phillips,jamesphillips68522@slingacademy.com,Invalid,male,40,Web Developer,15,1248595,Product,James Phillips,Lead,Unknown
70,Philip,Thomas,philipthomas69207@slingacademy.com,Invalid,male,38,DevOps Engineer,12,1291650,Product,Philip Thomas,Lead,Unknown
71,Dawn,Walker,dawnwalker70868@slingacademy.com,Invalid,female,31,Mobile Developer,6,861100,Product,Dawn Walker,Senior Data Engineer,Unknown
72,Denise,Lopez,deniselopez71911@slingacademy.com,Invalid,female,31,Designer,5,818045,Product,Denise Lopez,Data Engineer,Unknown
73,Gregory,House,gregoryhouse72945@slingacademy.com,1541376919,male,34,HR Manager,9,818045,Human Resource,Gregory House,Senior Data Engineer,Unknown
74,Stacie,Diaz,staciediaz73929@slingacademy.com,Invalid,female,31,Machine Learning Engineer,6,947210,Product,Stacie Diaz,Senior Data Engineer,Unknown
75,Barbara,Burns,barbaraburns74284@slingacademy.com,Invalid,female,33,Web Developer,11,904155,Product,Barbara Burns,Lead,Unknown
76,Jessica,Cortez,jessicacortez75317@slingacademy.com,Invalid,female,39,Tester,14,1033320,Product,Jessica Cortez,Lead,Unknown
77,Daniel,Hernandez,danielhernandez76747@slingacademy.com,Invalid,male,33,Tester,7,818045,Product,Daniel Hernandez,Senior Data Engineer,Unknown
78,Eugene,Diaz,eugenediaz77610@slingacademy.com,Invalid,male,29,Machine Learning Engineer,3,818045,Product,Eugene Diaz,Data Engineer,Unknown
79,Earl,Nelson,earlnelson78644@slingacademy.com,Invalid,male,34,Web Developer,11,1076375,Product,Earl Nelson,Lead,Unknown
80,Elizabeth,Jackson,elizabethjackson79562@slingacademy.com,Invalid,female,28,DevOps Engineer,3,731935,Product,Elizabeth Jackson,Data Engineer,Unknown
81,John,Martinez,johnmartinez80595@slingacademy.com,Invalid,male,26,Web Developer,4,602770,Product,John Martinez,Data Engineer,Unknown
82,Wesley,Shaw,wesleyshaw81546@slingacademy.com,0250878834,male,26,Mobile Developer,1,559715,Product,Wesley Shaw,System Engineer,Unknown
83,Michael,Davila,michaeldavila82958@slingacademy.com,9179864827,male,40,DevOps Engineer,14,1377760,Product,Michael Davila,Lead,Unknown
84,Heidi,Hill,heidihill83123@slingacademy.com,Invalid,female,40,Tester,15,1076375,Product,Heidi Hill,Lead,Unknown
85,Yvonne,Bass,yvonnebass84513@slingacademy.com,Invalid,female,33,Tester,8,774990,Product,Yvonne Bass,Senior Data Engineer,Unknown
86,Jamie,Jones,jamiejones85266@slingacademy.com,Invalid,female,24,Web Developer,1,559715,Product,Jamie Jones,System Engineer,Unknown
87,Brady,Washington,bradywashington86649@slingacademy.com,Invalid,male,23,Designer,1,473605,Product,Brady Washington,System Engineer,Unknown
88,Michael,Rivera,michaelrivera87962@slingacademy.com,Invalid,male,29,Web Developer,3,559715,Product,Michael Rivera,Data Engineer,Unknown
89,Angela,Morales,angelamorales88595@slingacademy.com,Invalid,female,28,Web Developer,4,774990,Product,Angela Morales,Data Engineer,Unknown
90,Larry,Moore,larrymoore89266@slingacademy.com,Invalid,male,28,Web Developer,5,645825,Product,Larry Moore,Data Engineer,Unknown
91,Veronica,Oliver,veronicaoliver90922@slingacademy.com,Invalid,female,25,Tester,2,602770,Product,Veronica Oliver,System Engineer,Unknown
92,Clayton,Smith,claytonsmith91214@slingacademy.com,8318062400,male,27,Mobile Developer,2,516660,Product,Clayton Smith,System Engineer,Unknown
93,Tamara,Randall,tamararandall92432@slingacademy.com,Invalid,female,32,Mobile Developer,10,947210,Product,Tamara Randall,Senior Data Engineer,Unknown
94,Amy,Vaughn,amyvaughn93722@slingacademy.com,Invalid,female,28,Designer,5,990265,Product,Amy Vaughn,Data Engineer,Unknown
95,Larry,Chapman,larrychapman94932@slingacademy.com,Invalid,male,35,Designer,12,1033320,Product,Larry Chapman,Lead,Unknown
96,Eugene,Mcintyre,eugenemcintyre95994@slingacademy.com,Invalid,male,25,HR Manager,2,602770,Human Resource,Eugene Mcintyre,System Engineer,Unknown
97,Patricia,Suarez,patriciasuarez96379@slingacademy.com,Invalid,female,41,Designer,15,1420815,Product,Patricia Suarez,Lead,Unknown
98,Melissa,Vasquez,melissavasquez97165@slingacademy.com,Invalid,female,35,DevOps Engineer,10,1033320,Product,Melissa Vasquez,Senior Data Engineer,Unknown
99,Stephanie,Hodges,stephaniehodges98715@slingacademy.com,Invalid,female,38,Web Developer,14,1205540,Product,Stephanie Hodges,Lead,Unknown
100,Brian,Watkins,brianwatkins99160@slingacademy.com,2648820032,male,32,Web Developer,10,947210,Product,Brian Watkins,Senior Data Engineer,Unknown
101,Zachary,Ellis,zacharyellis100141@slingacademy.com,Invalid,male,34,Tester,12,1033320,Product,Zachary Ellis,Lead,Unknown
102,Mark,Maxwell,markmaxwell101603@slingacademy.com,Invalid,male,28,Tester,4,774990,Product,Mark Maxwell,Data Engineer,Unknown
103,Jill,Farmer,jillfarmer102620@slingacademy.com,0571661198,female,26,DevOps Engineer,4,774990,Product,Jill Farmer,Data Engineer,Unknown
104,Rhonda,Park,rhondapark103796@slingacademy.com,Invalid,female,35,DevOps Engineer,12,1119430,Product,Rhonda Park,Lead,Unknown
105,Jessica,Park,jessicapark104881@slingacademy.com,Invalid,female,26,HR Manager,1,473605,Human Resource,Jessica Park,System Engineer,Unknown
106,Keith,Bender,keithbender105366@slingacademy.com,Invalid,male,35,Machine Learning Engineer,10,861100,Product,Keith Bender,Senior Data Engineer,Unknown
107,Andrew,Silva,andrewsilva106948@slingacademy.com,3782883279,male,35,HR Manager,12,947210,Human Resource,Andrew Silva,Lead,Unknown
108,John,Escobar,johnescobar107306@slingacademy.com,Invalid,male,34,Mobile Developer,8,861100,Product,John Escobar,Senior Data Engineer,Unknown
109,Savannah,Woods,savannahwoods108924@slingacademy.com,Invalid,female,23,Web Developer,1,473605,Product,Savannah Woods,System Engineer,Unknown
110,Cameron,Solis,cameronsolis109983@slingacademy.com,Invalid,male,36,Machine Learning Engineer,14,1205540,Product,Cameron Solis,Lead,Unknown
111,Patrick,Johnson,patrickjohnson110856@slingacademy.com,Invalid,male,36,Tester,12,1119430,Product,Patrick Johnson,Lead,Unknown
112,Nathan,Oconnor,nathanoconnor111395@slingacademy.com,Invalid,male,37,Mobile Developer,11,990265,Product,Nathan Oconnor,Lead,Unknown
113,Felicia,Fox,feliciafox112789@slingacademy.com,Invalid,female,38,Web Developer,12,947210,Product,Felicia Fox,Lead,Unknown
114,Nicole,Davis,nicoledavis113588@slingacademy.com,Invalid,female,26,Web Developer,1,473605,Product,Nicole Davis,System Engineer,Unknown
115,Gregory,Kirk,gregorykirk114408@slingacademy.com,Invalid,male,39,Machine Learning Engineer,13,990265,Product,Gregory Kirk,Lead,Unknown
116,Ashley,Carrillo,ashleycarrillo115726@slingacademy.com,Invalid,female,37,Tester,12,1033320,Product,Ashley Carrillo,Lead,Unknown
117,Brandon,White,brandonwhite116729@slingacademy.com,Invalid,male,31,Machine Learning Engineer,7,731935,Product,Brandon White,Senior Data Engineer,Unknown
118,Joshua,Miles,joshuamiles117429@slingacademy.com,Invalid,male,29,Web Developer,5,645825,Product,Joshua Miles,Data Engineer,Unknown
119,Gabriel,Shannon,gabrielshannon118996@slingacademy.com,Invalid,male,33,DevOps Engineer,11,1162485,Product,Gabriel Shannon,Lead,Unknown
120,Charles,Chan,charleschan119980@slingacademy.com,Invalid,male,26,Machine Learning Engineer,2,602770,Product,Charles Chan,System Engineer,Unknown
121,Stephanie,Hill,stephaniehill120240@slingacademy.com,Invalid,female,38,DevOps Engineer,15,1334705,Product,Stephanie Hill,Lead,Unknown
122,Brian,Kelly,briankelly121771@slingacademy.com,Invalid,male,38,DevOps Engineer,12,1291650,Product,Brian Kelly,Lead,Unknown
123,Susan,Lopez,susanlopez122522@slingacademy.com,Invalid,female,30,Machine Learning Engineer,8,774990,Product,Susan Lopez,Senior Data Engineer,Unknown
124,Logan,Edwards,loganedwards123515@slingacademy.com,Invalid,male,36,Designer,14,1377760,Product,Logan Edwards,Lead,Unknown
125,Ryan,Young,ryanyoung124775@slingacademy.com,Invalid,male,36,DevOps Engineer,13,1334705,Product,Ryan Young,Lead,Unknown
126,Rebecca,Crawford,rebeccacrawford125111@slingacademy.com,Invalid,female,37,Web Developer,13,990265,Product,Rebecca Crawford,Lead,Unknown
127,Leslie,Sullivan,lesliesullivan126504@slingacademy.com,Invalid,female,40,Tester,15,1076375,Product,Leslie Sullivan,Lead,Unknown
128,Andrew,Carey,andrewcarey127127@slingacademy.com,4267904671,male,24,DevOps Engineer,1,818045,Product,Andrew Carey,System Engineer,Unknown
129,Richard,Sawyer,richardsawyer128529@slingacademy.com,Invalid,male,30,Mobile Developer,8,947210,Product,Richard Sawyer,Senior Data Engineer,Unknown
130,Garrett,Nguyen,garrettnguyen129713@slingacademy.com,Invalid,male,36,Machine Learning Engineer,13,990265,Product,Garrett Nguyen,Lead,Unknown
131,Cody,Zuniga,codyzuniga130555@slingacademy.com,Invalid,male,35,DevOps Engineer,13,1334705,Product,Cody Zuniga,Lead,Unknown
132,James,Johnson,jamesjohnson131504@slingacademy.com,Invalid,male,31,Tester,9,818045,Product,James Johnson,Senior Data Engineer,Unknown
133,Jamie,Ruiz,jamieruiz132870@slingacademy.com,Invalid,female,27,Tester,4,602770,Product,Jamie Ruiz,Data Engineer,Unknown
134,Brandi,Evans,brandievans133450@slingacademy.com,Invalid,female,29,Tester,5,731935,Product,Brandi Evans,Data Engineer,Unknown
135,Jennifer,Obrien,jenniferobrien134415@slingacademy.com,Invalid,female,40,Mobile Developer,14,1033320,Product,Jennifer Obrien,Lead,Unknown
136,Whitney,Espinoza,whitneyespinoza135280@slingacademy.com,Invalid,female,29,Machine Learning Engineer,7,990265,Product,Whitney Espinoza,Senior Data Engineer,Unknown
137,Brandon,Rosario,brandonrosario136801@slingacademy.com,5804460236,male,26,Mobile Developer,4,688880,Product,Brandon Rosario,Data Engineer,Unknown
138,Jennifer,Rhodes,jenniferrhodes137946@slingacademy.com,Invalid,female,29,Web Developer,4,688880,Product,Jennifer Rhodes,Data Engineer,Unknown
139,Jordan,Michael,jordanmichael138385@slingacademy.com,Invalid,female,27,Mobile Developer,3,645825,Product,Jordan Michael,Data Engineer,Unknown
140,James,Knight,jamesknight139390@slingacademy.com,Invalid,male,26,Web Developer,3,731935,Product,James Knight,Data Engineer,Unknown
141,Michelle,Ramirez,michelleramirez140449@slingacademy.com,Invalid,female,27,Machine Learning Engineer,3,731935,Product,Michelle Ramirez,Data Engineer,Unknown
142,Peter,Mercado,petermercado141760@slingacademy.com,Invalid,male,33,Mobile Developer,11,1076375,Product,Peter Mercado,Lead,Unknown
143,Jason,George,jasongeorge142858@slingacademy.com,Invalid,male,25,Machine Learning Engineer,2,774990,Product,Jason George,System Engineer,Unknown
144,John,Arroyo,johnarroyo143863@slingacademy.com,6849186207,male,31,Machine Learning Engineer,5,645825,Product,John Arroyo,Data Engineer,Unknown
145,Ashley,Mccann,ashleymccann144440@slingacademy.com,Invalid,female,32,Web Developer,8,947210,Product,Ashley Mccann,Senior Data Engineer,Unknown
146,John,Robinson,johnrobinson145915@slingacademy.com,Invalid,male,31,DevOps Engineer,8,1033320,Product,John Robinson,Senior Data Engineer,Unknown
147,Michael,Clark,michaelclark146199@slingacademy.com,Invalid,male,32,Web Developer,6,688880,Product,Michael Clark,Senior Data Engineer,Unknown
148,Julia,Howe,juliahowe147145@slingacademy.com,Invalid,female,33,Web Developer,8,774990,Product,Julia Howe,Senior Data Engineer,Unknown
149,John,Roy,johnroy148826@slingacademy.com,Invalid,male,31,DevOps Engineer,9,990265,Product,John Roy,Senior Data Engineer,Unknown
150,Paul,Nguyen,paulnguyen149760@slingacademy.com,Invalid,male,39,Mobile Developer,14,1033320,Product,Paul Nguyen,Lead,Unknown
151,Chelsea,Lewis,chelsealewis150888@slingacademy.com,Invalid,female,32,DevOps Engineer,10,1119430,Product,Chelsea Lewis,Senior Data Engineer,Unknown
152,Austin,Bell,austinbell151766@slingacademy.com,Invalid,male,40,DevOps Engineer,15,1420815,Product,Austin Bell,Lead,Unknown
153,Paul,Allen,paulallen152619@slingacademy.com,2104766565,male,28,Mobile Developer,2,688880,Product,Paul Allen,System Engineer,Unknown
154,Gary,Oliver,garyoliver153551@slingacademy.com,Invalid,male,29,Mobile Developer,4,602770,Product,Gary Oliver,Data Engineer,Unknown
155,Diana,Bowers,dianabowers154842@slingacademy.com,Invalid,female,29,Web Developer,3,645825,Product,Diana Bowers,Data Engineer,Unknown
156,Cody,Peters,codypeters155367@slingacademy.com,Invalid,male,39,Mobile Developer,15,1162485,Product,Cody Peters,Lead,Unknown
157,Cameron,Gonzalez,camerongonzalez156781@slingacademy.com,Invalid,male,35,DevOps Engineer,13,1248595,Product,Cameron Gonzalez,Lead,Unknown
158,Shelia,Benson,sheliabenson157744@slingacademy.com,Invalid,female,26,Mobile Developer,3,559715,Product,Shelia Benson,Data Engineer,Unknown
159,Jacqueline,Brooks,jacquelinebrooks158463@slingacademy.com,Invalid,female,33,DevOps Engineer,10,1205540,Product,Jacqueline Brooks,Senior Data Engineer,Unknown
160,William,Turner,williamturner159974@slingacademy.com,Invalid,male,33,Web Developer,11,1076375,Product,William Turner,Lead,Unknown
161,Lisa,Logan,lisalogan160552@slingacademy.com,Invalid,female,37,Web Developer,15,1076375,Product,Lisa Logan,Lead,Unknown
162,Jeffery,Jones,jefferyjones161216@slingacademy.com,Invalid,male,37,Mobile Developer,12,1033320,Product,Jeffery Jones,Lead,Unknown
163,Scott,Li,scottli162771@slingacademy.com,Invalid,male,30,Mobile Developer,5,731935,Product,Scott Li,Data Engineer,Unknown
164,Chad,Roberson,chadroberson163525@slingacademy.com,Invalid,male,34,Mobile Developer,8,947210,Product,Chad Roberson,Senior Data Engineer,Unknown
165,Ariana,Hernandez,arianahernandez164467@slingacademy.com,Invalid,female,28,Web Developer,6,688880,Product,Ariana Hernandez,Senior Data Engineer,Unknown
166,Wanda,Forbes,wandaforbes165141@slingacademy.com,Invalid,female,29,Mobile Developer,7,904155,Product,Wanda Forbes,Senior Data Engineer,Unknown
167,Edwin,Cortez,edwincortez166250@slingacademy.com,Invalid,male,33,Web Developer,9,818045,Product,Edwin Cortez,Senior Data Engineer,Unknown
168,Sharon,Smith,sharonsmith167760@slingacademy.com,Invalid,female,34,DevOps Engineer,8,947210,Product,Sharon Smith,Senior Data Engineer,Unknown
169,Sherry,Oliver,sherryoliver168772@slingacademy.com,Invalid,female,33,DevOps Engineer,7,990265,Product,Sherry Oliver,Senior Data Engineer,Unknown
170,Eric,Moses,ericmoses169891@slingacademy.com,Invalid,male,36,Web Developer,12,1033320,Product,Eric Moses,Lead,Unknown
171,James,Ruiz,jamesruiz170534@slingacademy.com,Invalid,male,27,Mobile Developer,3,731935,Product,James Ruiz,Data Engineer,Unknown
172,Julie,Barber,juliebarber171592@slingacademy.com,Invalid,female,27,DevOps Engineer,1,645825,Product,Julie Barber,System Engineer,Unknown
173,Becky,Mcpherson,beckymcpherson172514@slingacademy.com,Invalid,female,28,Web Developer,5,645825,Product,Becky Mcpherson,Data Engineer,Unknown
174,Nicole,Aguilar,nicoleaguilar173929@slingacademy.com,Invalid,female,26,Web Developer,1,645825,Product,Nicole Aguilar,System Engineer,Unknown
175,Melissa,Lee,melissalee174832@slingacademy.com,Invalid,female,32,Mobile Developer,9,818045,Product,Melissa Lee,Senior Data Engineer,Unknown
176,Ariana,Cochran,arianacochran175831@slingacademy.com,Invalid,female,36,Web Developer,10,1033320,Product,Ariana Cochran,Senior Data Engineer,Unknown
177,Lisa,Carpenter,lisacarpenter176388@slingacademy.com,9008123667,female,32,Mobile Developer,9,818045,Product,Lisa Carpenter,Senior Data Engineer,Unknown
178,Julie,Wilson,juliewilson177313@slingacademy.com,Invalid,female,28,Mobile Developer,4,602770,Product,Julie Wilson,Data Engineer,Unknown
179,Martin,Crawford,martincrawford178513@slingacademy.com,Invalid,male,23,Mobile Developer,1,473605,Product,Martin Crawford,System Engineer,Unknown
180,Daniel,Peterson,danielpeterson179804@slingacademy.com,Invalid,male,27,DevOps Engineer,5,904155,Product,Daniel Peterson,Data Engineer,Unknown
181,Eric,Lambert,ericlambert180283@slingacademy.com,Invalid,male,36,Mobile Developer,10,861100,Product,Eric Lambert,Senior Data Engineer,Unknown
182,Marcia,Huerta,marciahuerta181175@slingacademy.com,Invalid,female,32,Web Developer,6,688880,Product,Marcia Huerta,Senior Data Engineer,Unknown
183,Jason,Ortiz,jasonortiz182754@slingacademy.com,Invalid,male,33,Mobile Developer,9,818045,Product,Jason Ortiz,Senior Data Engineer,Unknown
184,Keith,Thomas,keiththomas183439@slingacademy.com,Invalid,male,28,Mobile Developer,5,818045,Product,Keith Thomas,Data Engineer,Unknown
185,Sarah,Freeman,sarahfreeman184758@slingacademy.com,Invalid,female,32,DevOps Engineer,9,1162485,Product,Sarah Freeman,Senior Data Engineer,Unknown
186,Michael,Galvan,michaelgalvan185989@slingacademy.com,Invalid,male,28,Web Developer,2,688880,Product,Michael Galvan,System Engineer,Unknown
187,Michael,Warner,michaelwarner186194@slingacademy.com,Invalid,male,29,Mobile Developer,5,645825,Product,Michael Warner,Data Engineer,Unknown
188,Larry,Thompson,larrythompson187420@slingacademy.com,Invalid,male,39,Web Developer,14,1033320,Product,Larry Thompson,Lead,Unknown
189,James,Miller,jamesmiller188412@slingacademy.com,Invalid,male,37,Mobile Developer,15,1162485,Product,James Miller,Lead,Unknown
190,James,Steele,jamessteele189191@slingacademy.com,Invalid,male,35,Web Developer,10,861100,Product,James Steele,Senior Data Engineer,Unknown
191,Joseph,Beck,josephbeck190237@slingacademy.com,Invalid,male,35,Mobile Developer,11,1076375,Product,Joseph Beck,Lead,Unknown
192,Wayne,Cohen,waynecohen191993@slingacademy.com,Invalid,male,31,Web Developer,8,947210,Product,Wayne Cohen,Senior Data Engineer,Unknown
193,Bailey,Reilly,baileyreilly192786@slingacademy.com,Invalid,female,26,Mobile Developer,1,473605,Product,Bailey Reilly,System Engineer,Unknown
194,Yolanda,Smith,yolandasmith193826@slingacademy.com,Invalid,female,30,Mobile Developer,7,904155,Product,Yolanda Smith,Senior Data Engineer,Unknown
195,Kathleen,Leblanc,kathleenleblanc194890@slingacademy.com,Invalid,female,29,Web Developer,4,774990,Product,Kathleen Leblanc,Data Engineer,Unknown
196,Christina,Garza,christinagarza195263@slingacademy.com,Invalid,female,27,DevOps Engineer,4,774990,Product,Christina Garza,Data Engineer,Unknown
197,Jennifer,Jarvis,jenniferjarvis196139@slingacademy.com,Invalid,female,28,Mobile Developer,6,774990,Product,Jennifer Jarvis,Senior Data Engineer,Unknown
198,Jesse,Smith,jessesmith197279@slingacademy.com,Invalid,male,37,Web Developer,11,1076375,Product,Jesse Smith,Lead,Unknown
199,Melissa,Richardson,melissarichardson198110@slingacademy.com,Invalid,female,29,Mobile Developer,5,818045,Product,Melissa Richardson,Data Engineer,Unknown
200,Michele,Stewart,michelestewart199951@slingacademy.com,Invalid,female,29,DevOps Engineer,7,1076375,Product,Michele Stewart,Senior Data Engineer,Unknown
201,Jeremy,Gilbert,jeremygilbert200282@slingacademy.com,Invalid,male,29,Mobile Developer,4,774990,Product,Jeremy Gilbert,Data Engineer,Unknown
202,Kevin,Valentine,kevinvalentine201488@slingacademy.com,Invalid,male,33,Web Developer,10,947210,Product,Kevin Valentine,Senior Data Engineer,Unknown
203,Suzanne,Hurst,suzannehurst202425@slingacademy.com,2176055492,female,26,Mobile Developer,3,645825,Product,Suzanne Hurst,Data Engineer,Unknown
204,Janet,Stephens,janetstephens203449@slingacademy.com,Invalid,female,36,Web Developer,14,1033320,Product,Janet Stephens,Lead,Unknown
205,Michael,Hoover,michaelhoover204983@slingacademy.com,Invalid,male,38,DevOps Engineer,13,1334705,Product,Michael Hoover,Lead,Unknown
206,Terry,Jones,terryjones205228@slingacademy.com,Invalid,male,34,Web Developer,10,1033320,Product,Terry Jones,Senior Data Engineer,Unknown
207,Breanna,Love,breannalove206374@slingacademy.com,Invalid,female,26,Web Developer,2,688880,Product,Breanna Love,System Engineer,Unknown
208,Elijah,Mcguire,elijahmcguire207166@slingacademy.com,Invalid,male,28,Web Developer,2,688880,Product,Elijah Mcguire,System Engineer,Unknown
209,Paige,Bell,paigebell208379@slingacademy.com,Invalid,female,34,Mobile Developer,10,1033320,Product,Paige Bell,Senior Data Engineer,Unknown
210,Lauren,Logan,laurenlogan209754@slingacademy.com,Invalid,female,29,Web Developer,3,559715,Product,Lauren Logan,Data Engineer,Unknown
211,Gary,Watson,garywatson210844@slingacademy.com,Invalid,male,35,Mobile Developer,12,1033320,Product,Gary Watson,Lead,Unknown
212,Andrea,Miller,andreamiller211593@slingacademy.com,Invalid,female,38,Web Developer,13,1162485,Product,Andrea Miller,Lead,Unknown
213,Stephen,Anderson,stephenanderson212709@slingacademy.com,Invalid,male,29,Web Developer,6,861100,Product,Stephen Anderson,Senior Data Engineer,Unknown
214,Erica,Montgomery,ericamontgomery213699@slingacademy.com,Invalid,female,26,Web Developer,2,688880,Product,Erica Montgomery,System Engineer,Unknown
215,Mitchell,Olson,mitchellolson214954@slingacademy.com,Invalid,male,25,Mobile Developer,3,645825,Product,Mitchell Olson,Data Engineer,Unknown
216,Brenda,Leonard,brendaleonard215112@slingacademy.com,Invalid,female,23,Mobile Developer,1,645825,Product,Brenda Leonard,System Engineer,Unknown
217,Sandra,Scott,sandrascott216500@slingacademy.com,Invalid,female,28,Web Developer,5,731935,Product,Sandra Scott,Data Engineer,Unknown
218,Terry,Jackson,terryjackson217122@slingacademy.com,Invalid,male,39,Web Developer,14,1119430,Product,Terry Jackson,Lead,Unknown
219,John,Palmer,johnpalmer218164@slingacademy.com,Invalid,male,37,Mobile Developer,14,1205540,Product,John Palmer,Lead,Unknown
220,Brenda,Tapia,brendatapia219999@slingacademy.com,Invalid,female,37,Web Developer,11,990265,Product,Brenda Tapia,Lead,Unknown
221,Donald,Gordon,donaldgordon220327@slingacademy.com,Invalid,male,32,Mobile Developer,6,774990,Product,Donald Gordon,Senior Data Engineer,Unknown
222,David,Long,davidlong221467@slingacademy.com,Invalid,male,33,Mobile Developer,11,990265,Product,David Long,Lead,Unknown
223,Michael,Pratt,michaelpratt222638@slingacademy.com,Invalid,male,38,Mobile Developer,12,1033320,Product,Michael Pratt,Lead,Unknown
224,Jessica,West,jessicawest223110@slingacademy.com,Invalid,female,32,Mobile Developer,10,1033320,Product,Jessica West,Senior Data Engineer,Unknown
225,David,Jennings,davidjennings224703@slingacademy.com,Invalid,male,41,Web Developer,15,1076375,Product,David Jennings,Lead,Unknown
226,Alicia,Perry,aliciaperry225119@slingacademy.com,Invalid,female,27,Mobile Developer,1,645825,Product,Alicia Perry,System Engineer,Unknown
227,Karen,Marsh,karenmarsh226577@slingacademy.com,Invalid,female,28,Web Developer,3,645825,Product,Karen Marsh,Data Engineer,Unknown
228,Richard,Holder,richardholder227991@slingacademy.com,Invalid,male,35,Web Developer,10,947210,Product,Richard Holder,Senior Data Engineer,Unknown
229,Ryan,Ponce,ryanponce228931@slingacademy.com,5497597305,male,33,Mobile Developer,7,818045,Product,Ryan Ponce,Senior Data Engineer,Unknown
230,Eddie,Riley,eddieriley229421@slingacademy.com,Invalid,male,25,Mobile Developer,1,645825,Product,Eddie Riley,System Engineer,Unknown
231,Zachary,Scott,zacharyscott230288@slingacademy.com,Invalid,male,27,Mobile Developer,2,688880,Product,Zachary Scott,System Engineer,Unknown
232,Kenneth,Nelson,kennethnelson231464@slingacademy.com,Invalid,male,32,Mobile Developer,8,861100,Product,Kenneth Nelson,Senior Data Engineer,Unknown
233,Edgar,Lane,edgarlane232635@slingacademy.com,5537213761,male,28,Web Developer,6,861100,Product,Edgar Lane,Senior Data Engineer,Unknown
234,Jeremy,Cox,jeremycox233206@slingacademy.com,Invalid,male,31,Web Developer,5,818045,Product,Jeremy Cox,Data Engineer,Unknown
235,Rhonda,Hernandez,rhondahernandez234932@slingacademy.com,Invalid,female,37,Mobile Developer,15,1248595,Product,Rhonda Hernandez,Lead,Unknown
236,Ashley,Gilbert,ashleygilbert235162@slingacademy.com,Invalid,female,33,Mobile Developer,9,990265,Product,Ashley Gilbert,Senior Data Engineer,Unknown
237,Shawn,Shaw,shawnshaw236298@slingacademy.com,Invalid,male,36,Mobile Developer,13,1076375,Product,Shawn Shaw,Lead,Unknown
238,Ryan,Davis,ryandavis237462@slingacademy.com,Invalid,male,29,Mobile Developer,3,731935,Product,Ryan Davis,Data Engineer,Unknown
239,Kristin,Bradley,kristinbradley238626@slingacademy.com,Invalid,female,34,Web Developer,12,947210,Product,Kristin Bradley,Lead,Unknown
240,Christopher,Drake,christopherdrake239403@slingacademy.com,Invalid,male,31,Mobile Developer,9,818045,Product,Christopher Drake,Senior Data Engineer,Unknown
241,Justin,Clark,justinclark240285@slingacademy.com,Invalid,male,30,Web Developer,8,947210,Product,Justin Clark,Senior Data Engineer,Unknown
242,Scott,Owens,scottowens241483@slingacademy.com,Invalid,male,35,Web Developer,11,1076375,Product,Scott Owens,Lead,Unknown
243,Rebecca,Nelson,rebeccanelson242256@slingacademy.com,Invalid,female,23,Mobile Developer,1,645825,Product,Rebecca Nelson,System Engineer,Unknown
244,Erin,Green,eringreen243810@slingacademy.com,Invalid,female,23,Web Developer,1,559715,Product,Erin Green,System Engineer,Unknown
245,Paul,Page,paulpage244408@slingacademy.com,Invalid,male,26,Mobile Developer,1,473605,Product,Paul Page,System Engineer,Unknown
246,Jamie,Ball,jamieball245345@slingacademy.com,Invalid,female,25,Mobile Developer,3,559715,Product,Jamie Ball,Data Engineer,Unknown
247,Sonya,Williams,sonyawilliams246780@slingacademy.com,Invalid,female,30,Mobile Developer,4,602770,Product,Sonya Williams,Data Engineer,Unknown
248,Leslie,Burton,leslieburton247488@slingacademy.com,Invalid,female,38,Web Developer,15,1076375,Product,Leslie Burton,Lead,Unknown
249,Daniel,Joseph,danieljoseph248143@slingacademy.com,Invalid,male,32,Web Developer,10,861100,Product,Daniel Joseph,Senior Data Engineer,Unknown
250,Julie,Grimes,juliegrimes249118@slingacademy.com,Invalid,female,32,Web Developer,10,947210,Product,Julie Grimes,Senior Data Engineer,Unknown
251,Michael,Davis,michaeldavis250373@slingacademy.com,Invalid,male,29,Mobile Developer,6,861100,Product,Michael Davis,Senior Data Engineer,Unknown
252,Stephen,Hoover,stephenhoover251356@slingacademy.com,Invalid,male,29,Mobile Developer,6,688880,Product,Stephen Hoover,Senior Data Engineer,Unknown
253,Damon,Sanders,damonsanders252816@slingacademy.com,0176247153,male,31,Web Developer,6,774990,Product,Damon Sanders,Senior Data Engineer,Unknown
254,Adam,Pratt,adampratt253273@slingacademy.com,Invalid,male,37,Web Developer,14,1205540,Product,Adam Pratt,Lead,Unknown
255,Jesse,Gonzalez,jessegonzalez254731@slingacademy.com,Invalid,male,25,Web Developer,3,731935,Product,Jesse Gonzalez,Data Engineer,Unknown
256,Debra,Cruz,debracruz255511@slingacademy.com,Invalid,female,36,Mobile Developer,13,1162485,Product,Debra Cruz,Lead,Unknown
257,Gregory,Smith,gregorysmith256470@slingacademy.com,Invalid,male,31,Mobile Developer,5,645825,Product,Gregory Smith,Data Engineer,Unknown
258,Natasha,Cook,natashacook257144@slingacademy.com,Invalid,female,35,Web Developer,11,904155,Product,Natasha Cook,Lead,Unknown
259,Robert,Weber,robertweber258728@slingacademy.com,Invalid,male,32,Mobile Developer,7,818045,Product,Robert Weber,Senior Data Engineer,Unknown
260,Carly,Thompson,carlythompson259241@slingacademy.com,Invalid,female,27,Web Developer,1,473605,Product,Carly Thompson,System Engineer,Unknown
261,Maureen,Campbell,maureencampbell260229@slingacademy.com,Invalid,female,29,Mobile Developer,7,818045,Product,Maureen Campbell,Senior Data Engineer,Unknown
262,Alex,Brown,alexbrown261949@slingacademy.com,Invalid,male,31,Web Developer,5,818045,Product,Alex Brown,Data Engineer,Unknown
263,Breanna,Allen,breannaallen262722@slingacademy.com,Invalid,female,38,Mobile Developer,14,1033320,Product,Breanna Allen,Lead,Unknown
264,Michael,Pearson,michaelpearson263989@slingacademy.com,8006107617,male,30,Web Developer,4,602770,Product,Michael Pearson,Data Engineer,Unknown
265,Cheryl,Lewis,cheryllewis264411@slingacademy.com,Invalid,female,28,Web Developer,6,688880,Product,Cheryl Lewis,Senior Data Engineer,Unknown
266,Megan,Brown,meganbrown265895@slingacademy.com,Invalid,female,23,Web Developer,1,559715,Product,Megan Brown,System Engineer,Unknown
267,Linda,Haynes,lindahaynes266984@slingacademy.com,Invalid,female,29,Mobile Developer,7,731935,Product,Linda Haynes,Senior Data Engineer,Unknown
268,Kathy,Palmer,kathypalmer267804@slingacademy.com,Invalid,female,36,Web Developer,12,947210,Product,Kathy Palmer,Lead,Unknown
269,Tammy,Ball,tammyball268170@slingacademy.com,8439547062,female,23,Mobile Developer,1,473605,Product,Tammy Ball,System Engineer,Unknown
270,Samuel,Reed,samuelreed269624@slingacademy.com,Invalid,male,34,Mobile Developer,8,861100,Product,Samuel Reed,Senior Data Engineer,Unknown
271,Erik,Page,erikpage270609@slingacademy.com,Invalid,male,32,Web Developer,9,904155,Product,Erik Page,Senior Data Engineer,Unknown
272,Tristan,Price,tristanprice271230@slingacademy.com,Invalid,male,38,Mobile Developer,15,1076375,Product,Tristan Price,Lead,Unknown
273,Natalie,Skinner,natalieskinner272142@slingacademy.com,Invalid,female,34,Mobile Developer,12,1033320,Product,Natalie Skinner,Lead,Unknown
274,Nicole,Castro,nicolecastro273516@slingacademy.com,Invalid,female,34,Web Developer,9,904155,Product,Nicole Castro,Senior Data Engineer,Unknown
275,Natasha,Hughes,natashahughes274687@slingacademy.com,Invalid,female,28,Mobile Developer,6,774990,Product,Natasha Hughes,Senior Data Engineer,Unknown
276,Pamela,Herrera,pamelaherrera275422@slingacademy.com,Invalid,female,32,Web Developer,6,688880,Product,Pamela Herrera,Senior Data Engineer,Unknown
277,Gary,Houston,garyhouston276947@slingacademy.com,Invalid,male,25,Mobile Developer,1,559715,Product,Gary Houston,System Engineer,Unknown
278,Peter,Johnson,peterjohnson277327@slingacademy.com,Invalid,male,27,Mobile Developer,5,645825,Product,Peter Johnson,Data Engineer,Unknown
279,April,Houston,aprilhouston278122@slingacademy.com,Invalid,female,27,Mobile Developer,3,559715,Product,April Houston,Data Engineer,Unknown
280,Adam,Martinez,adammartinez279637@slingacademy.com,Invalid,male,35,Mobile Developer,9,990265,Product,Adam Martinez,Senior Data Engineer,Unknown
281,William,Peters,williampeters280898@slingacademy.com,Invalid,male,30,Web Developer,7,731935,Product,William Peters,Senior Data Engineer,Unknown
282,Meagan,Henderson,meaganhenderson281151@slingacademy.com,Invalid,female,30,Web Developer,8,774990,Product,Meagan Henderson,Senior Data Engineer,Unknown
283,Charles,West,charleswest282127@slingacademy.com,Invalid,male,26,Web Developer,2,688880,Product,Charles West,System Engineer,Unknown
284,Rebecca,Jackson,rebeccajackson283741@slingacademy.com,Invalid,female,27,Mobile Developer,2,688880,Product,Rebecca Jackson,System Engineer,Unknown
285,Alec,Maldonado,alecmaldonado284453@slingacademy.com,Invalid,male,33,Mobile Developer,7,818045,Product,Alec Maldonado,Senior Data Engineer,Unknown
286,Michele,Edwards,micheleedwards285969@slingacademy.com,4055420736,female,40,Web Developer,14,1033320,Product,Michele Edwards,Lead,Unknown
287,John,Hall,johnhall286107@slingacademy.com,Invalid,male,36,Web Developer,12,1119430,Product,John Hall,Lead,Unknown
288,Justin,Perry,justinperry287419@slingacademy.com,Invalid,male,41,Mobile Developer,15,1248595,Product,Justin Perry,Lead,Unknown
289,Lauren,Norton,laurennorton288284@slingacademy.com,Invalid,female,27,Web Developer,3,559715,Product,Lauren Norton,Data Engineer,Unknown
290,Omar,Soto,omarsoto289950@slingacademy.com,Invalid,male,30,Web Developer,5,731935,Product,Omar Soto,Data Engineer,Unknown
291,Michael,Howard,michaelhoward290216@slingacademy.com,6585788235,male,39,Web Developer,15,1248595,Product,Michael Howard,Lead,Unknown
292,Kathleen,Green,kathleengreen291790@slingacademy.com,Invalid,female,35,Mobile Developer,9,904155,Product,Kathleen Green,Senior Data Engineer,Unknown
293,Kent,Thompson,kentthompson292193@slingacademy.com,Invalid,male,38,Web Developer,13,990265,Product,Kent Thompson,Lead,Unknown
294,Benjamin,Wilson,benjaminwilson293449@slingacademy.com,Invalid,male,24,Mobile Developer,1,473605,Product,Benjamin Wilson,System Engineer,Unknown
295,Steven,Vaughn,stevenvaughn294759@slingacademy.com,Invalid,male,32,Mobile Developer,10,947210,Product,Steven Vaughn,Senior Data Engineer,Unknown
296,Michael,Tyler,michaeltyler295487@slingacademy.com,Invalid,male,33,Web Developer,11,904155,Product,Michael Tyler,Lead,Unknown
297,Richard,Lin,richardlin296285@slingacademy.com,Invalid,male,28,Web Developer,6,861100,Product,Richard Lin,Senior Data Engineer,Unknown
298,Jennifer,Williams,jenniferwilliams297896@slingacademy.com,Invalid,female,37,Web Developer,13,1076375,Product,Jennifer Williams,Lead,Unknown
299,Shelley,Hubbard,shelleyhubbard298845@slingacademy.com,Invalid,female,30,Web Developer,7,731935,Product,Shelley Hubbard,Senior Data Engineer,Unknown
300,Sean,Choi,seanchoi299793@slingacademy.com,Invalid,male,28,Web Developer,2,602770,Product,Sean Choi,System Engineer,Unknown
301,Marie,Gross,mariegross300870@slingacademy.com,Invalid,female,32,Web Developer,7,731935,Product,Marie Gross,Senior Data Engineer,Unknown
302,Tracy,Leon,tracyleon301263@slingacademy.com,Invalid,female,32,Web Developer,8,947210,Product,Tracy Leon,Senior Data Engineer,Unknown
303,Steven,Peterson,stevenpeterson302672@slingacademy.com,Invalid,male,35,Web Developer,12,947210,Product,Steven Peterson,Lead,Unknown
304,Justin,Webster,justinwebster303292@slingacademy.com,Invalid,male,32,Web Developer,8,947210,Product,Justin Webster,Senior Data Engineer,Unknown
305,Courtney,Stanley,courtneystanley304326@slingacademy.com,Invalid,female,28,Web Developer,4,602770,Product,Courtney Stanley,Data Engineer,Unknown
306,Walter,Crawford,waltercrawford305879@slingacademy.com,Invalid,male,34,Web Developer,12,1033320,Product,Walter Crawford,Lead,Unknown
307,Danielle,Sparks,daniellesparks306675@slingacademy.com,Invalid,female,26,Web Developer,2,688880,Product,Danielle Sparks,System Engineer,Unknown
308,Cheryl,Rose,cherylrose307221@slingacademy.com,Invalid,female,26,Web Developer,4,602770,Product,Cheryl Rose,Data Engineer,Unknown
309,Justin,Mann,justinmann308432@slingacademy.com,Invalid,male,25,Web Developer,3,645825,Product,Justin Mann,Data Engineer,Unknown
310,Vanessa,Carter,vanessacarter309183@slingacademy.com,Invalid,female,26,Web Developer,1,473605,Product,Vanessa Carter,System Engineer,Unknown
311,Anthony,Colon,anthonycolon310698@slingacademy.com,Invalid,male,34,Web Developer,12,1033320,Product,Anthony Colon,Lead,Unknown
312,April,Holland,aprilholland311155@slingacademy.com,Invalid,female,37,Web Developer,15,1248595,Product,April Holland,Lead,Unknown
313,Bill,Anderson,billanderson312995@slingacademy.com,Invalid,male,39,Web Developer,14,1205540,Product,Bill Anderson,Lead,Unknown
314,Kelsey,Moss,kelseymoss313481@slingacademy.com,Invalid,female,38,Web Developer,14,1033320,Product,Kelsey Moss,Lead,Unknown
315,Maureen,Phillips,maureenphillips314243@slingacademy.com,Invalid,female,26,Web Developer,2,602770,Product,Maureen Phillips,System Engineer,Unknown
316,Michelle,Hooper,michellehooper315396@slingacademy.com,Invalid,female,29,Web Developer,4,774990,Product,Michelle Hooper,Data Engineer,Unknown
317,Steven,Lewis,stevenlewis316274@slingacademy.com,Invalid,male,34,Web Developer,11,990265,Product,Steven Lewis,Lead,Unknown
318,Kevin,Rodriguez,kevinrodriguez317974@slingacademy.com,Invalid,male,29,Web Developer,5,731935,Product,Kevin Rodriguez,Data Engineer,Unknown
319,Alexandra,Bell,alexandrabell318109@slingacademy.com,Invalid,female,39,Web Developer,14,1119430,Product,Alexandra Bell,Lead,Unknown
320,Courtney,Mcdaniel,courtneymcdaniel319568@slingacademy.com,Invalid,female,28,Web Developer,3,731935,Product,Courtney Mcdaniel,Data Engineer,Unknown
